id;start_date;end_date;language
1;2024-04-12T23:17:56;2024-04-13T13:12:50;FRENCH
2;2024-04-13T10:38:57;2024-04-13T03:46:28;SPANISH
3;2024-04-13T09:17:17;2024-04-13T09:45:31;SPANISH
4;2024-04-13T11:15:17;2024-04-13T07:14:46;ENGLISH
5;2024-04-13T02:09:26;2024-04-13T03:35:16;SPANISH
6;2024-04-13T12:00:41;2024-04-12T17:22:28;SPANISH
7;2024-04-12T23:06:55;2024-04-13T02:41:25;SPANISH
8;2024-04-12T17:44:58;2024-04-13T04:10:19;SPANISH
9;2024-04-13T01:23:00;2024-04-12T22:57:35;SPANISH
10;2024-04-12T20:06:19;2024-04-12T21:59:48;SPANISH
